{"schemaVersion":"1.0","appDefinitionTemplate":{"id":"/providers/Microsoft.PowerApps/apps/","type":"Microsoft.PowerApps/apps","tags":{"primaryDeviceWidth":"640","primaryDeviceHeight":"1136","supportsPortrait":"true","supportsLandscape":"true","primaryFormFactor":"Phone","publisherVersion":"3.22044.32","minimumRequiredApiVersion":"2.2.0","hasComponent":"false","hasUnlockedComponent":"false","isUnifiedRootApp":"false","sienaVersion":"20220510T015211Z-3.22044.32.0"},"properties":{"appVersion":"2022-05-10T01:52:11Z","lifeCycleId":"Published","createdByClientVersion":{"major":3,"minor":22044,"build":32,"revision":0,"majorRevision":0,"minorRevision":0},"minClientVersion":{"major":3,"minor":22044,"build":32,"revision":0,"majorRevision":0,"minorRevision":0},"backgroundColor":"RGBA(0,176,240,1)","backgroundImageUri":"/507067625081779042/Nbf205475-579a-442d-a3b0-5dab0fbd78f5-logoSmallFile","displayName":"MMS-Intune_MobileAdmin","description":"","commitMessage":"","appUris":{"documentUri":{"value":"/507067625081779042/N939dfa46-2727-4a83-a452-c2fce850c203-document.msapp"},"imageUris":[]},"createdTime":"0001-01-01T00:00:00Z","lastModifiedTime":"0001-01-01T00:00:00Z","sharedGroupsCount":0,"sharedUsersCount":0,"icons":{"smallIconUri":"/507067625081779042/Nc7fafe6a-31e3-465a-90db-4152b2602175-small.png","mediumIconUri":"/507067625081779042/N570b039c-e15e-400f-818b-d20f66f36230-medium.png","largeIconUri":"/507067625081779042/N46249c9c-754b-42cd-91a0-a15661df6f56-large.png","wideIconUri":"/507067625081779042/Nc265380e-bf6b-4cd3-8918-5f56d148a8a5-wide.png"},"connectionReferences":{"b9af299a-90d4-470b-a47d-abfad545a1d1":{"id":"0a300104-b0d0-4c39-86b1-f0a44e684f30","displayName":"Office 365 Users","iconUri":"https://connectoricons-prod.azureedge.net/releases/v1.0.1573/1.0.1573.2770/office365users/icon.png","dataSources":["Office365Users"],"dependencies":[],"dependents":[],"parameterHints":{},"parameterHintsV2":{},"isOnPremiseConnection":false,"bypassConsent":false,"dataSets":{},"apiTier":"Standard","isCustomApiConnection":false,"actions":["SearchUser","UserPhotoV2"]},"8c1506f6-240d-46f8-8b51-895ae35d8ec0":{"id":"8c0adf74-c21f-439a-825d-5f9768f5b1c6","displayName":"Logic flows","iconUri":"https://connectoricons-prod.azureedge.net/releases/v1.0.1534/1.0.1534.2605/logicflows/icon.png","dataSources":["PA-TakeDeviceAction"],"dependencies":["d917e27f-d3fd-4c84-916d-21ab393ca61a"],"dependents":[],"parameterHints":{"workflowName":{"value":"2ec231aa-05f7-4b27-9377-bea356d368e8"},"workflowEntityId":{},"d917e27f-d3fd-4c84-916d-21ab393ca61a":{"value":"shared_keyvault"}},"parameterHintsV2":{"workflowName":{"value":"2ec231aa-05f7-4b27-9377-bea356d368e8"},"workflowEntityId":{},"shared_keyvault":{"value":"d917e27f-d3fd-4c84-916d-21ab393ca61a"}},"isOnPremiseConnection":false,"bypassConsent":false,"dataSets":{},"apiTier":"Standard","isCustomApiConnection":false,"actions":["Run"],"nestedActions":[{"id":"/providers/Microsoft.PowerApps/apis/shared_keyvault/apiOperations/GetSecret","apiName":"Azure Key Vault","actionName":"GetSecret","referencedResources":[]}]},"d917e27f-d3fd-4c84-916d-21ab393ca61a":{"id":"6b8259c6-987f-4e69-bb73-2dae0473d610","displayName":"Azure Key Vault","iconUri":"https://connectoricons-prod.azureedge.net/releases/v1.0.1566/1.0.1566.2741/keyvault/icon.png","dataSources":[],"dependencies":[],"dependents":["8c1506f6-240d-46f8-8b51-895ae35d8ec0","28bde99d-b5f4-462c-8a33-919a3ab276fc","1037947d-c17e-4064-b1b5-cfac961ba675"],"parameterHints":{},"parameterHintsV2":{},"isOnPremiseConnection":false,"bypassConsent":false,"dataSets":{},"apiTier":"Premium","isCustomApiConnection":false},"28bde99d-b5f4-462c-8a33-919a3ab276fc":{"id":"8c0adf74-c21f-439a-825d-5f9768f5b1c6","displayName":"Logic flows","iconUri":"https://connectoricons-prod.azureedge.net/releases/v1.0.1534/1.0.1534.2605/logicflows/icon.png","dataSources":["PA-SendCustomNotification"],"dependencies":["d917e27f-d3fd-4c84-916d-21ab393ca61a"],"dependents":[],"parameterHints":{"workflowName":{"value":"2305f6d8-42a4-4b21-8275-d966c129abef"},"workflowEntityId":{},"d917e27f-d3fd-4c84-916d-21ab393ca61a":{"value":"shared_keyvault"}},"parameterHintsV2":{"workflowName":{"value":"2305f6d8-42a4-4b21-8275-d966c129abef"},"workflowEntityId":{},"shared_keyvault":{"value":"d917e27f-d3fd-4c84-916d-21ab393ca61a"}},"isOnPremiseConnection":false,"bypassConsent":false,"dataSets":{},"apiTier":"Standard","isCustomApiConnection":false,"actions":["Run"],"nestedActions":[{"id":"/providers/Microsoft.PowerApps/apis/shared_keyvault/apiOperations/GetSecret","apiName":"Azure Key Vault","actionName":"GetSecret","referencedResources":[]}]},"1037947d-c17e-4064-b1b5-cfac961ba675":{"id":"8c0adf74-c21f-439a-825d-5f9768f5b1c6","displayName":"Logic flows","iconUri":"https://connectoricons-prod.azureedge.net/releases/v1.0.1534/1.0.1534.2605/logicflows/icon.png","dataSources":["GetMobileDevicesByUPN"],"dependencies":["d917e27f-d3fd-4c84-916d-21ab393ca61a"],"dependents":[],"parameterHints":{"workflowName":{"value":"62997746-9d7b-48d3-9ed1-83ee911a8793"},"workflowEntityId":{},"d917e27f-d3fd-4c84-916d-21ab393ca61a":{"value":"shared_keyvault"}},"parameterHintsV2":{"workflowName":{"value":"62997746-9d7b-48d3-9ed1-83ee911a8793"},"workflowEntityId":{},"shared_keyvault":{"value":"d917e27f-d3fd-4c84-916d-21ab393ca61a"}},"isOnPremiseConnection":false,"bypassConsent":false,"dataSets":{},"apiTier":"Standard","isCustomApiConnection":false,"actions":["Run"],"nestedActions":[{"id":"/providers/Microsoft.PowerApps/apis/shared_keyvault/apiOperations/GetSecret","apiName":"Azure Key Vault","actionName":"GetSecret","referencedResources":[]}]}},"databaseReferences":{},"almMode":"Environment","performanceOptimizationEnabled":true,"canConsumeAppPass":true,"executionRestrictions":{"isTeamsOnly":false,"dataLossPreventionEvaluationResult":{"status":"Compliant","lastEvaluationDate":"2022-05-10T01:52:33.1015886Z","violations":[],"violationsByPolicy":[],"violationErrorMessage":"The app uses the following connectors: shared_office365users, shared_logicflows, shared_keyvault."},"httpActionRestriction":{"appUsesSharepointHttpAction":false,"enforcementStrategy":"Legacy","evaluationTime":"2022-05-10T01:52:33.1015886Z"}}},"appType":"ClassicCanvasApp","appComponents":[]}}