{"name":"cbd4660a-39fa-4e1e-a130-6edb6e4e2f70","id":"/providers/Microsoft.Flow/flows/cbd4660a-39fa-4e1e-a130-6edb6e4e2f70","type":"Microsoft.Flow/flows","properties":{"apiId":"/providers/Microsoft.PowerApps/apis/shared_logicflows","displayName":"GetMobileDevicesByUPN-Imported","definition":{"metadata":{"workflowEntityId":null,"processAdvisorMetadata":null,"flowclientsuspensionreason":"None","flowclientsuspensiontime":null,"creator":{"id":"176100e8-787f-4c36-bc73-36546f6a31be","type":"User","tenantId":"412ce56f-8d07-4814-b590-e61cab8758ff"},"provisioningMethod":"FromDefinition","failureAlertSubscription":true,"clientLastModifiedTime":"2022-05-09T23:55:17.7192824Z"},"$schema":"https://schema.management.azure.com/providers/Microsoft.Logic/schemas/2016-06-01/workflowdefinition.json#","contentVersion":"1.0.0.0","parameters":{"$connections":{"defaultValue":{},"type":"Object"},"$authentication":{"defaultValue":{},"type":"SecureObject"}},"triggers":{"manual":{"metadata":{"operationMetadataId":"a498d6dc-f849-4428-945d-2d966455167e"},"type":"Request","kind":"PowerApp","inputs":{"schema":{"type":"object","properties":{"UserPrincipalName_Value":{"type":"string","description":"Enter initial value","x-ms-powerflows-param-ispartial":false}},"required":["UserPrincipalName_Value"]}}}},"actions":{"HTTP":{"runAfter":{"Get_ClientID":["Succeeded"]},"metadata":{"operationMetadataId":"51be538f-a7c7-4f91-81db-48aed257e747"},"type":"Http","inputs":{"method":"GET","uri":"https://graph.microsoft.com/v1.0/users/@{variables('UserPrincipalName')}/managedDevices?$Select=deviceName,operatingSystem,id&$Filter=@{variables('HTTPFilter')}","authentication":{"type":"ActiveDirectoryOAuth","authority":"https://login.windows.net","tenant":"modernendpoint.xyz","audience":"https://graph.microsoft.com","clientId":"@outputs('Get_ClientID')?['body/value']","secret":"@outputs('Get_ClientSecret')?['body/value']"}}},"Get_ClientSecret":{"runAfter":{"Initialize_variable":["Succeeded"]},"metadata":{"operationMetadataId":"179b8250-45cf-42dc-a564-98d3b5b2c3fc"},"type":"OpenApiConnection","inputs":{"host":{"apiId":"/providers/Microsoft.PowerApps/apis/shared_keyvault","connectionName":"shared_keyvault","operationId":"GetSecret"},"parameters":{"secretName":"ClientSecret"},"authentication":{"value":"@json(decodeBase64(triggerOutputs().headers['X-MS-APIM-Tokens']))['$ConnectionKey']","type":"Raw"}}},"Get_ClientID":{"runAfter":{"Get_ClientSecret":["Succeeded"]},"metadata":{"operationMetadataId":"af6e4e3b-eb4e-4b36-a1b9-a80aa96339ca"},"type":"OpenApiConnection","inputs":{"host":{"apiId":"/providers/Microsoft.PowerApps/apis/shared_keyvault","connectionName":"shared_keyvault","operationId":"GetSecret"},"parameters":{"secretName":"ClientID"},"authentication":{"value":"@json(decodeBase64(triggerOutputs().headers['X-MS-APIM-Tokens']))['$ConnectionKey']","type":"Raw"}}},"Initialize_variable":{"runAfter":{"UserPrincipalName":["Succeeded"]},"metadata":{"operationMetadataId":"92338e6b-8872-4410-bfba-1c2d1a4fa405"},"type":"InitializeVariable","inputs":{"variables":[{"name":"HTTPFilter","type":"string","value":"operatingSystem ne 'Windows'"}]}},"UserPrincipalName":{"runAfter":{},"metadata":{"operationMetadataId":"a6b3aa9f-ed3f-48d0-a3b7-840734ca68ef"},"type":"InitializeVariable","inputs":{"variables":[{"name":"UserPrincipalName","type":"string","value":"@triggerBody()['UserPrincipalName_Value']"}]}},"Parse_JSON":{"runAfter":{"HTTP":["Succeeded"]},"metadata":{"operationMetadataId":"cca0460b-0fc9-4ad7-a5e3-391a74c90208"},"type":"ParseJson","inputs":{"content":"@body('HTTP')","schema":{"type":"object","properties":{"@@odata.context":{"type":"string"},"value":{"type":"array","items":{"type":"object","properties":{"deviceName":{"type":"string"},"operatingSystem":{"type":"string"},"id":{"type":"string"}},"required":["deviceName","operatingSystem","id"]}}}}}},"Select":{"runAfter":{"Parse_JSON":["Succeeded"]},"metadata":{"operationMetadataId":"cb72e41b-2481-4bda-b0be-04b94f08c210"},"type":"Select","inputs":{"from":"@body('Parse_JSON')?['value']","select":{"Device":"@item()?['deviceName']","OS":"@item()?['operatingSystem']","ID":"@item()?['id']"}}},"Response":{"runAfter":{"Select":["Succeeded"]},"metadata":{"operationMetadataId":"c5774aef-8790-450a-b855-afa2a0db5f7a"},"type":"Response","kind":"Http","inputs":{"statusCode":200,"body":"@body('Select')","schema":{"type":"array","items":{"type":"object","properties":{"Device":{"type":"string"},"OS":{"type":"string"},"ID":{"type":"string"}},"required":["Device","OS","ID"]}}}}},"outputs":{},"description":"Create one or more actions to happen when a button or link in Power Apps is selected. To use this flow from a Power App, select the control you want to trigger the flow and go to the Action tab in the Power Apps ribbon and select Flows."},"connectionReferences":{"shared_keyvault":{"connectionName":"7a339909dc064e3b91af4bbb41492b20","source":"Invoker","id":"/providers/Microsoft.PowerApps/apis/shared_keyvault","tier":"NotSpecified"}},"flowFailureAlertSubscribed":false,"isManaged":false}}