{"name":"dc6d10f9-06a5-4e1a-9667-15db501db335","id":"/providers/Microsoft.Flow/flows/dc6d10f9-06a5-4e1a-9667-15db501db335","type":"Microsoft.Flow/flows","properties":{"apiId":"/providers/Microsoft.PowerApps/apis/shared_logicflows","displayName":"PA-Take Device Action","definition":{"metadata":{"workflowEntityId":null,"processAdvisorMetadata":null,"flowclientsuspensionreason":"None","flowclientsuspensiontime":null,"creator":{"id":"176100e8-787f-4c36-bc73-36546f6a31be","type":"User","tenantId":"412ce56f-8d07-4814-b590-e61cab8758ff"},"provisioningMethod":"FromDefinition","failureAlertSubscription":true,"clientLastModifiedTime":"2022-05-02T16:55:54.0894752Z"},"$schema":"https://schema.management.azure.com/providers/Microsoft.Logic/schemas/2016-06-01/workflowdefinition.json#","contentVersion":"1.0.0.0","parameters":{"$connections":{"defaultValue":{},"type":"Object"},"$authentication":{"defaultValue":{},"type":"SecureObject"}},"triggers":{"manual":{"metadata":{"operationMetadataId":"e14714fa-12af-4aee-9773-a94665db2a26"},"type":"Request","kind":"PowerApp","inputs":{"schema":{"type":"object","properties":{"Initializevariable_Value":{"type":"string","description":"Enter initial value","x-ms-powerflows-param-ispartial":false},"initAction_Value":{"type":"string","description":"Enter initial value","x-ms-powerflows-param-ispartial":false}},"required":["Initializevariable_Value","initAction_Value"]}}}},"actions":{"Init_DeviceID":{"runAfter":{},"metadata":{"operationMetadataId":"fd0ae601-4cc0-4a95-b5c9-149a0994d8d8"},"type":"InitializeVariable","inputs":{"variables":[{"name":"DeviceID","type":"string","value":"@{triggerBody()['Initializevariable_Value']}"}]}},"Get_ClientID":{"runAfter":{"init_Action":["Succeeded"]},"metadata":{"operationMetadataId":"af6e4e3b-eb4e-4b36-a1b9-a80aa96339ca"},"type":"OpenApiConnection","inputs":{"host":{"apiId":"/providers/Microsoft.PowerApps/apis/shared_keyvault","connectionName":"shared_keyvault","operationId":"GetSecret"},"parameters":{"secretName":"ClientID"},"authentication":{"value":"@json(decodeBase64(triggerOutputs().headers['X-MS-APIM-Tokens']))['$ConnectionKey']","type":"Raw"}},"runtimeConfiguration":{"secureData":{"properties":["inputs","outputs"]}}},"Get_ClientSecret":{"runAfter":{"Get_ClientID":["Succeeded"]},"metadata":{"operationMetadataId":"179b8250-45cf-42dc-a564-98d3b5b2c3fc"},"type":"OpenApiConnection","inputs":{"host":{"apiId":"/providers/Microsoft.PowerApps/apis/shared_keyvault","connectionName":"shared_keyvault","operationId":"GetSecret"},"parameters":{"secretName":"ClientSecret"},"authentication":{"value":"@json(decodeBase64(triggerOutputs().headers['X-MS-APIM-Tokens']))['$ConnectionKey']","type":"Raw"}},"runtimeConfiguration":{"secureData":{"properties":["inputs","outputs"]}}},"HTTP":{"runAfter":{"Get_ClientSecret":["Succeeded"]},"metadata":{"operationMetadataId":"51be538f-a7c7-4f91-81db-48aed257e747"},"type":"Http","inputs":{"method":"POST","uri":"https://graph.microsoft.com/v1.0/deviceManagement/managedDevices/@{variables('DeviceID')}/@{variables('Action')}","authentication":{"type":"ActiveDirectoryOAuth","authority":"https://login.windows.net","tenant":"modernendpoint.xyz","audience":"https://graph.microsoft.com","clientId":"@outputs('Get_ClientID')?['body/value']","secret":"@outputs('Get_ClientSecret')?['body/value']"}}},"Respond_to_a_PowerApp_or_flow":{"runAfter":{"HTTP":["Succeeded"]},"metadata":{"operationMetadataId":"67b61963-03b1-4289-8e0f-85137cd13f62"},"type":"Response","kind":"PowerApp","inputs":{"statusCode":200,"body":{"result":"@{outputs('HTTP')['statusCode']}"},"schema":{"type":"object","properties":{"result":{"title":"Result","x-ms-dynamically-added":true,"type":"string"}}}}},"init_Action":{"runAfter":{"Init_DeviceID":["Succeeded"]},"metadata":{"operationMetadataId":"49402f7e-77b0-41d7-96bd-65e039677f93"},"type":"InitializeVariable","inputs":{"variables":[{"name":"Action","type":"string","value":"@{triggerBody()['initAction_Value']}"}]}}},"outputs":{},"description":"Create one or more actions to happen when a button or link in Power Apps is selected. To use this flow from a Power App, select the control you want to trigger the flow and go to the Action tab in the Power Apps ribbon and select Flows."},"connectionReferences":{"shared_keyvault":{"connectionName":"7a339909dc064e3b91af4bbb41492b20","source":"Invoker","id":"/providers/Microsoft.PowerApps/apis/shared_keyvault","tier":"NotSpecified"}},"flowFailureAlertSubscribed":false,"isManaged":false}}