{"schemaVersion":"1.0","appDefinitionTemplate":{"id":"/providers/Microsoft.PowerApps/apps/","type":"Microsoft.PowerApps/apps","tags":{"primaryDeviceWidth":"640","primaryDeviceHeight":"1136","supportsPortrait":"true","supportsLandscape":"true","primaryFormFactor":"Phone","publisherVersion":"3.22042.8","minimumRequiredApiVersion":"2.2.0","hasComponent":"false","hasUnlockedComponent":"false","isUnifiedRootApp":"false","sienaVersion":"20220502T190414Z-3.22042.8.0"},"properties":{"appVersion":"2022-05-02T19:04:14Z","lifeCycleId":"Published","createdByClientVersion":{"major":3,"minor":22042,"build":8,"revision":0,"majorRevision":0,"minorRevision":0},"minClientVersion":{"major":3,"minor":22042,"build":8,"revision":0,"majorRevision":0,"minorRevision":0},"backgroundColor":"RGBA(0,176,240,1)","backgroundImageUri":"/9106180903524050396/N67a89027-d8de-46dc-90a0-b3f4571ffe78-logoSmallFile","displayName":"MMS-Live-Demo","description":"","commitMessage":"","appUris":{"documentUri":{"value":"/9106180903524050396/N815e0779-fbbb-4d84-a552-bab527dba0bb-document.msapp"},"imageUris":[]},"createdTime":"0001-01-01T00:00:00Z","lastModifiedTime":"0001-01-01T00:00:00Z","sharedGroupsCount":0,"sharedUsersCount":0,"icons":{"smallIconUri":"/9106180903524050396/N9d6f3d75-97ae-47a5-81dc-2280f46bf63f-small.png","mediumIconUri":"/9106180903524050396/Nb94ffa4d-9f81-487c-973c-72fd8bbfbb6d-medium.png","largeIconUri":"/9106180903524050396/N0b896cf4-8b96-4535-aba6-0e26238c31fb-large.png","wideIconUri":"/9106180903524050396/N264a23e1-8811-4e7d-b61a-6f6d75129132-wide.png"},"connectionReferences":{"b9af299a-90d4-470b-a47d-abfad545a1d1":{"id":"0a300104-b0d0-4c39-86b1-f0a44e684f30","displayName":"Office 365 Users","iconUri":"https://connectoricons-prod.azureedge.net/releases/v1.0.1573/1.0.1573.2770/office365users/icon.png","dataSources":["Office365Users"],"dependencies":[],"dependents":[],"parameterHints":{},"parameterHintsV2":{},"isOnPremiseConnection":false,"bypassConsent":false,"dataSets":{},"apiTier":"Standard","isCustomApiConnection":false,"actions":["SearchUser","UserPhotoV2"]},"ad298fd6-6ed0-4583-82f7-57f378df611c":{"id":"8c0adf74-c21f-439a-825d-5f9768f5b1c6","displayName":"Logic flows","iconUri":"https://connectoricons-prod.azureedge.net/releases/v1.0.1534/1.0.1534.2605/logicflows/icon.png","dataSources":["GetMobileDevicesByUPN"],"dependencies":["d917e27f-d3fd-4c84-916d-21ab393ca61a"],"dependents":[],"parameterHints":{"workflowName":{"value":"8d70d23c-7638-4da9-89aa-8ff098cf6f24"},"workflowEntityId":{},"d917e27f-d3fd-4c84-916d-21ab393ca61a":{"value":"shared_keyvault"}},"parameterHintsV2":{"workflowName":{"value":"8d70d23c-7638-4da9-89aa-8ff098cf6f24"},"workflowEntityId":{},"shared_keyvault":{"value":"d917e27f-d3fd-4c84-916d-21ab393ca61a"}},"isOnPremiseConnection":false,"bypassConsent":false,"dataSets":{},"apiTier":"Standard","isCustomApiConnection":false,"actions":["Run"],"nestedActions":[{"id":"/providers/Microsoft.PowerApps/apis/shared_keyvault/apiOperations/GetSecret","apiName":"Azure Key Vault","actionName":"GetSecret","referencedResources":[]}]},"d917e27f-d3fd-4c84-916d-21ab393ca61a":{"id":"6b8259c6-987f-4e69-bb73-2dae0473d610","displayName":"Azure Key Vault","iconUri":"https://connectoricons-prod.azureedge.net/releases/v1.0.1566/1.0.1566.2741/keyvault/icon.png","dataSources":[],"dependencies":[],"dependents":["ad298fd6-6ed0-4583-82f7-57f378df611c","6db98ad1-545b-4922-a9ff-3a0a76d2b794"],"parameterHints":{},"parameterHintsV2":{},"isOnPremiseConnection":false,"bypassConsent":false,"dataSets":{},"apiTier":"Premium","isCustomApiConnection":false},"6db98ad1-545b-4922-a9ff-3a0a76d2b794":{"id":"8c0adf74-c21f-439a-825d-5f9768f5b1c6","displayName":"Logic flows","iconUri":"https://connectoricons-prod.azureedge.net/releases/v1.0.1534/1.0.1534.2605/logicflows/icon.png","dataSources":["RetireDevice"],"dependencies":["d917e27f-d3fd-4c84-916d-21ab393ca61a"],"dependents":[],"parameterHints":{"workflowName":{"value":"f54c40e8-4c2b-4028-8f4e-28bfa11e5396"},"workflowEntityId":{},"d917e27f-d3fd-4c84-916d-21ab393ca61a":{"value":"shared_keyvault"}},"parameterHintsV2":{"workflowName":{"value":"f54c40e8-4c2b-4028-8f4e-28bfa11e5396"},"workflowEntityId":{},"shared_keyvault":{"value":"d917e27f-d3fd-4c84-916d-21ab393ca61a"}},"isOnPremiseConnection":false,"bypassConsent":false,"dataSets":{},"apiTier":"Standard","isCustomApiConnection":false,"actions":["Run"],"nestedActions":[{"id":"/providers/Microsoft.PowerApps/apis/shared_keyvault/apiOperations/GetSecret","apiName":"Azure Key Vault","actionName":"GetSecret","referencedResources":[]}]}},"databaseReferences":{},"almMode":"Environment","performanceOptimizationEnabled":true,"canConsumeAppPass":true,"executionRestrictions":{"isTeamsOnly":false,"dataLossPreventionEvaluationResult":{"status":"Compliant","lastEvaluationDate":"2022-05-02T19:04:53.8556919Z","violations":[],"violationsByPolicy":[],"violationErrorMessage":"The app uses the following connectors: shared_office365users, shared_logicflows, shared_keyvault."},"httpActionRestriction":{"appUsesSharepointHttpAction":false,"enforcementStrategy":"Legacy","evaluationTime":"2022-05-02T19:04:53.8556919Z"}}},"appType":"ClassicCanvasApp","appComponents":[]}}